epoc (ms),timestamp (-0400),elapsed (s),w (number),x (number),y (number),z (number)
1662322821844,2022-09-04T16.20.21.844,0.000,0.999,0.028,0.029,0.000
1662322821854,2022-09-04T16.20.21.854,0.010,0.999,0.026,0.027,0.001
1662322821864,2022-09-04T16.20.21.864,0.020,0.999,0.023,0.025,0.002
1662322821874,2022-09-04T16.20.21.874,0.030,1.000,0.021,0.022,0.003
1662322821884,2022-09-04T16.20.21.884,0.040,1.000,0.019,0.020,0.003
1662322821894,2022-09-04T16.20.21.894,0.050,1.000,0.017,0.018,0.003
1662322821904,2022-09-04T16.20.21.904,0.060,1.000,0.015,0.015,0.002
1662322821914,2022-09-04T16.20.21.914,0.070,1.000,0.013,0.013,0.001
1662322821924,2022-09-04T16.20.21.924,0.080,1.000,0.013,0.011,0.001
1662322821934,2022-09-04T16.20.21.934,0.090,1.000,0.013,0.009,-0.000
1662322821944,2022-09-04T16.20.21.944,0.100,1.000,0.012,0.008,-0.001
1662322821954,2022-09-04T16.20.21.954,0.110,1.000,0.010,0.008,-0.003
1662322821964,2022-09-04T16.20.21.964,0.120,1.000,0.006,0.009,-0.004
1662322821974,2022-09-04T16.20.21.974,0.130,1.000,0.003,0.010,-0.005
1662322821984,2022-09-04T16.20.21.984,0.140,1.000,-0.001,0.011,-0.007
1662322821994,2022-09-04T16.20.21.994,0.150,1.000,-0.004,0.011,-0.008
1662322822004,2022-09-04T16.20.22.004,0.160,1.000,-0.007,0.011,-0.008
1662322822014,2022-09-04T16.20.22.014,0.170,1.000,-0.008,0.010,-0.009
1662322822024,2022-09-04T16.20.22.024,0.180,1.000,-0.009,0.010,-0.009
1662322822034,2022-09-04T16.20.22.034,0.190,1.000,-0.009,0.009,-0.009
1662322822044,2022-09-04T16.20.22.044,0.200,1.000,-0.010,0.009,-0.009
1662322822054,2022-09-04T16.20.22.054,0.210,1.000,-0.011,0.009,-0.008
1662322822064,2022-09-04T16.20.22.064,0.220,1.000,-0.013,0.010,-0.007
1662322822074,2022-09-04T16.20.22.074,0.230,1.000,-0.015,0.010,-0.007
1662322822084,2022-09-04T16.20.22.084,0.240,1.000,-0.017,0.011,-0.006
1662322822094,2022-09-04T16.20.22.094,0.250,1.000,-0.019,0.012,-0.005
1662322822104,2022-09-04T16.20.22.104,0.260,1.000,-0.021,0.013,-0.004
1662322822114,2022-09-04T16.20.22.114,0.270,1.000,-0.023,0.013,-0.004
1662322822124,2022-09-04T16.20.22.124,0.280,1.000,-0.027,0.015,-0.003
1662322822134,2022-09-04T16.20.22.134,0.290,0.999,-0.031,0.017,-0.002
1662322822144,2022-09-04T16.20.22.144,0.300,0.999,-0.035,0.018,-0.002
1662322822154,2022-09-04T16.20.22.154,0.310,0.999,-0.038,0.020,-0.001
1662322822164,2022-09-04T16.20.22.164,0.320,0.999,-0.041,0.021,0.000
1662322822174,2022-09-04T16.20.22.174,0.330,0.999,-0.043,0.022,0.001
1662322822184,2022-09-04T16.20.22.184,0.340,0.999,-0.046,0.024,0.002
1662322822194,2022-09-04T16.20.22.194,0.350,0.999,-0.048,0.024,0.003
1662322822204,2022-09-04T16.20.22.204,0.360,0.998,-0.049,0.025,0.004
1662322822214,2022-09-04T16.20.22.214,0.370,0.998,-0.051,0.025,0.005
1662322822224,2022-09-04T16.20.22.224,0.380,0.998,-0.052,0.025,0.006
1662322822234,2022-09-04T16.20.22.234,0.390,0.998,-0.053,0.025,0.006
1662322822244,2022-09-04T16.20.22.244,0.400,0.998,-0.056,0.025,0.007
1662322822254,2022-09-04T16.20.22.254,0.410,0.998,-0.058,0.025,0.008
1662322822264,2022-09-04T16.20.22.264,0.420,0.998,-0.060,0.026,0.009
1662322822274,2022-09-04T16.20.22.274,0.430,0.998,-0.062,0.026,0.010
1662322822284,2022-09-04T16.20.22.284,0.440,0.998,-0.064,0.027,0.010
1662322822294,2022-09-04T16.20.22.294,0.450,0.997,-0.065,0.027,0.011
1662322822304,2022-09-04T16.20.22.304,0.460,0.997,-0.066,0.027,0.011
1662322822314,2022-09-04T16.20.22.314,0.470,0.997,-0.066,0.027,0.011
1662322822324,2022-09-04T16.20.22.324,0.480,0.997,-0.067,0.027,0.011
1662322822334,2022-09-04T16.20.22.334,0.490,0.997,-0.067,0.026,0.010
1662322822344,2022-09-04T16.20.22.344,0.500,0.997,-0.066,0.026,0.010
1662322822354,2022-09-04T16.20.22.354,0.510,0.998,-0.065,0.025,0.010
1662322822364,2022-09-04T16.20.22.364,0.520,0.998,-0.064,0.024,0.010
1662322822374,2022-09-04T16.20.22.374,0.530,0.998,-0.064,0.024,0.010
1662322822384,2022-09-04T16.20.22.384,0.540,0.998,-0.064,0.024,0.010
1662322822394,2022-09-04T16.20.22.394,0.550,0.998,-0.065,0.024,0.009
1662322822404,2022-09-04T16.20.22.404,0.560,0.998,-0.065,0.024,0.009
1662322822414,2022-09-04T16.20.22.414,0.570,0.998,-0.065,0.024,0.009
1662322822424,2022-09-04T16.20.22.424,0.580,0.998,-0.065,0.023,0.009
1662322822434,2022-09-04T16.20.22.434,0.590,0.998,-0.064,0.022,0.009
1662322822444,2022-09-04T16.20.22.444,0.600,0.998,-0.063,0.021,0.009
1662322822454,2022-09-04T16.20.22.454,0.610,0.998,-0.062,0.020,0.008
1662322822464,2022-09-04T16.20.22.464,0.620,0.998,-0.061,0.019,0.008
1662322822474,2022-09-04T16.20.22.474,0.630,0.998,-0.060,0.019,0.008
1662322822484,2022-09-04T16.20.22.484,0.640,0.998,-0.059,0.018,0.008
1662322822494,2022-09-04T16.20.22.494,0.650,0.998,-0.058,0.018,0.009
1662322822504,2022-09-04T16.20.22.504,0.660,0.998,-0.057,0.018,0.009
1662322822514,2022-09-04T16.20.22.514,0.670,0.998,-0.057,0.017,0.009
1662322822524,2022-09-04T16.20.22.524,0.680,0.998,-0.057,0.017,0.009
1662322822534,2022-09-04T16.20.22.534,0.690,0.998,-0.057,0.017,0.009
1662322822544,2022-09-04T16.20.22.544,0.700,0.998,-0.057,0.017,0.010
1662322822554,2022-09-04T16.20.22.554,0.710,0.998,-0.057,0.017,0.010
1662322822564,2022-09-04T16.20.22.564,0.720,0.998,-0.056,0.016,0.010
1662322822574,2022-09-04T16.20.22.574,0.730,0.998,-0.056,0.016,0.010
1662322822584,2022-09-04T16.20.22.584,0.740,0.998,-0.055,0.015,0.010
1662322822594,2022-09-04T16.20.22.594,0.750,0.998,-0.054,0.015,0.010
1662322822604,2022-09-04T16.20.22.604,0.760,0.998,-0.054,0.015,0.010
1662322822614,2022-09-04T16.20.22.614,0.770,0.998,-0.054,0.015,0.010
1662322822624,2022-09-04T16.20.22.624,0.780,0.998,-0.054,0.015,0.010
1662322822634,2022-09-04T16.20.22.634,0.790,0.998,-0.055,0.015,0.010
1662322822644,2022-09-04T16.20.22.644,0.800,0.998,-0.055,0.015,0.010
1662322822654,2022-09-04T16.20.22.654,0.810,0.998,-0.056,0.015,0.011
1662322822664,2022-09-04T16.20.22.664,0.820,0.998,-0.057,0.015,0.011
1662322822674,2022-09-04T16.20.22.674,0.830,0.998,-0.058,0.015,0.011
1662322822684,2022-09-04T16.20.22.684,0.840,0.998,-0.058,0.015,0.011
1662322822694,2022-09-04T16.20.22.694,0.850,0.998,-0.058,0.014,0.011
1662322822704,2022-09-04T16.20.22.704,0.860,0.998,-0.058,0.014,0.011
1662322822714,2022-09-04T16.20.22.714,0.870,0.998,-0.059,0.014,0.011
1662322822724,2022-09-04T16.20.22.724,0.880,0.998,-0.059,0.014,0.011
1662322822734,2022-09-04T16.20.22.734,0.890,0.998,-0.060,0.014,0.011
1662322822744,2022-09-04T16.20.22.744,0.900,0.998,-0.060,0.014,0.011
1662322822754,2022-09-04T16.20.22.754,0.910,0.998,-0.061,0.014,0.012
1662322822764,2022-09-04T16.20.22.764,0.920,0.998,-0.061,0.014,0.012
1662322822774,2022-09-04T16.20.22.774,0.930,0.998,-0.061,0.014,0.012
1662322822784,2022-09-04T16.20.22.784,0.940,0.998,-0.061,0.014,0.012
1662322822794,2022-09-04T16.20.22.794,0.950,0.998,-0.061,0.014,0.012
1662322822804,2022-09-04T16.20.22.804,0.960,0.998,-0.062,0.014,0.012
1662322822814,2022-09-04T16.20.22.814,0.970,0.998,-0.062,0.014,0.012
1662322822824,2022-09-04T16.20.22.824,0.980,0.998,-0.063,0.014,0.012
1662322822834,2022-09-04T16.20.22.834,0.990,0.998,-0.064,0.015,0.012
1662322822844,2022-09-04T16.20.22.844,1.000,0.998,-0.064,0.015,0.012
1662322822854,2022-09-04T16.20.22.854,1.010,0.998,-0.065,0.015,0.012
1662322822864,2022-09-04T16.20.22.864,1.020,0.998,-0.065,0.015,0.012
1662322822874,2022-09-04T16.20.22.874,1.030,0.998,-0.066,0.016,0.012
1662322822884,2022-09-04T16.20.22.884,1.040,0.998,-0.066,0.016,0.012
1662322822894,2022-09-04T16.20.22.894,1.050,0.998,-0.067,0.016,0.012
1662322822904,2022-09-04T16.20.22.904,1.060,0.998,-0.067,0.016,0.012
1662322822914,2022-09-04T16.20.22.914,1.070,0.998,-0.067,0.016,0.012
1662322822924,2022-09-04T16.20.22.924,1.080,0.998,-0.067,0.016,0.012
1662322822934,2022-09-04T16.20.22.934,1.090,0.998,-0.067,0.015,0.012
1662322822944,2022-09-04T16.20.22.944,1.100,0.998,-0.068,0.015,0.012
1662322822954,2022-09-04T16.20.22.954,1.110,0.997,-0.068,0.015,0.012
1662322822964,2022-09-04T16.20.22.964,1.120,0.997,-0.069,0.015,0.012
1662322822974,2022-09-04T16.20.22.974,1.130,0.997,-0.069,0.015,0.012
1662322822984,2022-09-04T16.20.22.984,1.140,0.997,-0.069,0.015,0.012
1662322822994,2022-09-04T16.20.22.994,1.150,0.997,-0.069,0.015,0.012
1662322823004,2022-09-04T16.20.23.004,1.160,0.997,-0.069,0.015,0.012
1662322823014,2022-09-04T16.20.23.014,1.170,0.997,-0.070,0.015,0.012
1662322823024,2022-09-04T16.20.23.024,1.180,0.997,-0.070,0.015,0.013
1662322823034,2022-09-04T16.20.23.034,1.190,0.997,-0.072,0.015,0.013
1662322823044,2022-09-04T16.20.23.044,1.200,0.997,-0.073,0.015,0.013
1662322823054,2022-09-04T16.20.23.054,1.210,0.997,-0.076,0.015,0.014
1662322823064,2022-09-04T16.20.23.064,1.220,0.997,-0.080,0.016,0.014
1662322823074,2022-09-04T16.20.23.074,1.230,0.996,-0.087,0.017,0.015
1662322823084,2022-09-04T16.20.23.084,1.240,0.995,-0.098,0.019,0.016
1662322823094,2022-09-04T16.20.23.094,1.250,0.993,-0.113,0.022,0.018
1662322823104,2022-09-04T16.20.23.104,1.260,0.991,-0.133,0.026,0.021
1662322823114,2022-09-04T16.20.23.114,1.270,0.988,-0.152,0.029,0.025
1662322823124,2022-09-04T16.20.23.124,1.280,0.985,-0.170,0.031,0.028
1662322823134,2022-09-04T16.20.23.134,1.290,0.981,-0.186,0.033,0.032
1662322823144,2022-09-04T16.20.23.144,1.300,0.978,-0.202,0.034,0.034
1662322823154,2022-09-04T16.20.23.154,1.310,0.974,-0.220,0.037,0.037
1662322823164,2022-09-04T16.20.23.164,1.320,0.968,-0.244,0.040,0.041
1662322823174,2022-09-04T16.20.23.174,1.330,0.959,-0.276,0.040,0.048
1662322823184,2022-09-04T16.20.23.184,1.340,0.946,-0.317,0.032,0.058
1662322823194,2022-09-04T16.20.23.194,1.350,0.930,-0.361,0.032,0.068
1662322823204,2022-09-04T16.20.23.204,1.360,0.909,-0.409,0.026,0.080
1662322823214,2022-09-04T16.20.23.214,1.370,0.884,-0.460,0.015,0.088
1662322823224,2022-09-04T16.20.23.224,1.380,0.855,-0.510,-0.008,0.097
1662322823234,2022-09-04T16.20.23.234,1.390,0.825,-0.554,-0.038,0.103
1662322823244,2022-09-04T16.20.23.244,1.400,0.795,-0.594,-0.066,0.104
1662322823254,2022-09-04T16.20.23.254,1.410,0.769,-0.626,-0.086,0.101
1662322823264,2022-09-04T16.20.23.264,1.420,0.748,-0.649,-0.099,0.097
1662322823274,2022-09-04T16.20.23.274,1.430,0.732,-0.667,-0.104,0.092
1662322823284,2022-09-04T16.20.23.284,1.440,0.719,-0.681,-0.107,0.088
1662322823294,2022-09-04T16.20.23.294,1.450,0.709,-0.691,-0.109,0.084
1662322823304,2022-09-04T16.20.23.304,1.460,0.702,-0.700,-0.109,0.078
1662322823314,2022-09-04T16.20.23.314,1.470,0.696,-0.706,-0.109,0.072
1662322823324,2022-09-04T16.20.23.324,1.480,0.692,-0.711,-0.109,0.066
1662322823334,2022-09-04T16.20.23.334,1.490,0.689,-0.714,-0.107,0.062
1662322823344,2022-09-04T16.20.23.344,1.500,0.689,-0.715,-0.106,0.058
1662322823354,2022-09-04T16.20.23.354,1.510,0.688,-0.716,-0.104,0.055
1662322823364,2022-09-04T16.20.23.364,1.520,0.687,-0.717,-0.101,0.056
1662322823374,2022-09-04T16.20.23.374,1.530,0.687,-0.718,-0.099,0.058
1662322823384,2022-09-04T16.20.23.384,1.540,0.687,-0.718,-0.095,0.060
1662322823394,2022-09-04T16.20.23.394,1.550,0.687,-0.718,-0.093,0.062
1662322823404,2022-09-04T16.20.23.404,1.560,0.687,-0.718,-0.091,0.064
1662322823414,2022-09-04T16.20.23.414,1.570,0.687,-0.718,-0.089,0.066
1662322823424,2022-09-04T16.20.23.424,1.580,0.687,-0.718,-0.087,0.067
1662322823434,2022-09-04T16.20.23.434,1.590,0.687,-0.718,-0.084,0.068
1662322823444,2022-09-04T16.20.23.444,1.600,0.688,-0.718,-0.082,0.068
1662322823454,2022-09-04T16.20.23.454,1.610,0.689,-0.717,-0.081,0.067
1662322823464,2022-09-04T16.20.23.464,1.620,0.689,-0.717,-0.079,0.065
1662322823474,2022-09-04T16.20.23.474,1.630,0.689,-0.718,-0.078,0.062
1662322823484,2022-09-04T16.20.23.484,1.640,0.689,-0.718,-0.076,0.059
1662322823494,2022-09-04T16.20.23.494,1.650,0.690,-0.718,-0.075,0.055
1662322823504,2022-09-04T16.20.23.504,1.660,0.690,-0.718,-0.073,0.052
1662322823514,2022-09-04T16.20.23.514,1.670,0.690,-0.719,-0.071,0.050
1662322823524,2022-09-04T16.20.23.524,1.680,0.690,-0.719,-0.069,0.048
1662322823534,2022-09-04T16.20.23.534,1.690,0.690,-0.719,-0.067,0.046
1662322823544,2022-09-04T16.20.23.544,1.700,0.691,-0.719,-0.066,0.045
1662322823554,2022-09-04T16.20.23.554,1.710,0.690,-0.719,-0.065,0.046
1662322823564,2022-09-04T16.20.23.564,1.720,0.690,-0.719,-0.065,0.047
1662322823574,2022-09-04T16.20.23.574,1.730,0.690,-0.720,-0.064,0.048
1662322823584,2022-09-04T16.20.23.584,1.740,0.700,-0.709,-0.073,0.039
1662322823594,2022-09-04T16.20.23.594,1.750,0.701,-0.709,-0.072,0.039
1662322823604,2022-09-04T16.20.23.604,1.760,0.701,-0.709,-0.071,0.039
1662322823614,2022-09-04T16.20.23.614,1.770,0.701,-0.709,-0.071,0.038
1662322823624,2022-09-04T16.20.23.624,1.780,0.702,-0.708,-0.070,0.038
1662322823634,2022-09-04T16.20.23.634,1.790,0.702,-0.707,-0.070,0.037
1662322823644,2022-09-04T16.20.23.644,1.800,0.703,-0.707,-0.069,0.036
1662322823654,2022-09-04T16.20.23.654,1.810,0.704,-0.706,-0.069,0.034
1662322823664,2022-09-04T16.20.23.664,1.820,0.705,-0.706,-0.069,0.033
1662322823674,2022-09-04T16.20.23.674,1.830,0.705,-0.705,-0.068,0.032
1662322823684,2022-09-04T16.20.23.684,1.840,0.704,-0.706,-0.068,0.032
1662322823694,2022-09-04T16.20.23.694,1.850,0.704,-0.706,-0.068,0.031
1662322823704,2022-09-04T16.20.23.704,1.860,0.705,-0.706,-0.068,0.031
1662322823714,2022-09-04T16.20.23.714,1.870,0.705,-0.706,-0.068,0.031
1662322823724,2022-09-04T16.20.23.724,1.880,0.705,-0.706,-0.068,0.031
1662322823734,2022-09-04T16.20.23.734,1.890,0.704,-0.706,-0.068,0.031
1662322823744,2022-09-04T16.20.23.744,1.900,0.704,-0.706,-0.068,0.031
1662322823754,2022-09-04T16.20.23.754,1.910,0.704,-0.706,-0.068,0.030
1662322823764,2022-09-04T16.20.23.764,1.920,0.704,-0.706,-0.068,0.030
1662322823774,2022-09-04T16.20.23.774,1.930,0.705,-0.706,-0.068,0.029
1662322823784,2022-09-04T16.20.23.784,1.940,0.705,-0.705,-0.068,0.028
1662322823794,2022-09-04T16.20.23.794,1.950,0.705,-0.705,-0.067,0.028
1662322823804,2022-09-04T16.20.23.804,1.960,0.705,-0.706,-0.067,0.028
1662322823814,2022-09-04T16.20.23.814,1.970,0.704,-0.706,-0.068,0.028
1662322823824,2022-09-04T16.20.23.824,1.980,0.704,-0.706,-0.068,0.028
1662322823834,2022-09-04T16.20.23.834,1.990,0.704,-0.707,-0.067,0.029
1662322823844,2022-09-04T16.20.23.844,2.000,0.703,-0.707,-0.067,0.029
1662322823854,2022-09-04T16.20.23.854,2.010,0.703,-0.707,-0.067,0.029
1662322823864,2022-09-04T16.20.23.864,2.020,0.703,-0.708,-0.067,0.030
1662322823874,2022-09-04T16.20.23.874,2.030,0.702,-0.708,-0.067,0.030
1662322823884,2022-09-04T16.20.23.884,2.040,0.702,-0.708,-0.067,0.030
1662322823894,2022-09-04T16.20.23.894,2.050,0.702,-0.708,-0.067,0.030
1662322823904,2022-09-04T16.20.23.904,2.060,0.703,-0.708,-0.067,0.029
1662322823914,2022-09-04T16.20.23.914,2.070,0.702,-0.708,-0.067,0.029
1662322823924,2022-09-04T16.20.23.924,2.080,0.702,-0.708,-0.067,0.029
1662322823934,2022-09-04T16.20.23.934,2.090,0.702,-0.708,-0.067,0.029
1662322823944,2022-09-04T16.20.23.944,2.100,0.702,-0.709,-0.067,0.030
1662322823954,2022-09-04T16.20.23.954,2.110,0.701,-0.709,-0.067,0.030
1662322823964,2022-09-04T16.20.23.964,2.120,0.701,-0.709,-0.067,0.030
1662322823974,2022-09-04T16.20.23.974,2.130,0.701,-0.709,-0.067,0.030
1662322823984,2022-09-04T16.20.23.984,2.140,0.701,-0.709,-0.067,0.030
1662322823994,2022-09-04T16.20.23.994,2.150,0.701,-0.709,-0.067,0.030
1662322824004,2022-09-04T16.20.24.004,2.160,0.701,-0.709,-0.067,0.030
1662322824014,2022-09-04T16.20.24.014,2.170,0.701,-0.709,-0.067,0.030
1662322824024,2022-09-04T16.20.24.024,2.180,0.701,-0.709,-0.067,0.030
1662322824034,2022-09-04T16.20.24.034,2.190,0.701,-0.709,-0.067,0.029
1662322824044,2022-09-04T16.20.24.044,2.200,0.702,-0.709,-0.067,0.028
1662322824054,2022-09-04T16.20.24.054,2.210,0.702,-0.709,-0.067,0.028
1662322824064,2022-09-04T16.20.24.064,2.220,0.702,-0.709,-0.067,0.028
1662322824074,2022-09-04T16.20.24.074,2.230,0.701,-0.709,-0.067,0.028
1662322824084,2022-09-04T16.20.24.084,2.240,0.701,-0.709,-0.067,0.028
1662322824094,2022-09-04T16.20.24.094,2.250,0.701,-0.710,-0.067,0.028
1662322824104,2022-09-04T16.20.24.104,2.260,0.700,-0.710,-0.066,0.028
1662322824114,2022-09-04T16.20.24.114,2.270,0.700,-0.711,-0.066,0.028
1662322824124,2022-09-04T16.20.24.124,2.280,0.700,-0.711,-0.066,0.028
1662322824134,2022-09-04T16.20.24.134,2.290,0.699,-0.711,-0.066,0.028
1662322824144,2022-09-04T16.20.24.144,2.300,0.699,-0.711,-0.066,0.028
1662322824154,2022-09-04T16.20.24.154,2.310,0.700,-0.711,-0.066,0.028
1662322824164,2022-09-04T16.20.24.164,2.320,0.700,-0.710,-0.066,0.027
1662322824174,2022-09-04T16.20.24.174,2.330,0.701,-0.710,-0.066,0.026
1662322824184,2022-09-04T16.20.24.184,2.340,0.701,-0.710,-0.066,0.026
1662322824194,2022-09-04T16.20.24.194,2.350,0.701,-0.710,-0.066,0.026
1662322824204,2022-09-04T16.20.24.204,2.360,0.701,-0.710,-0.066,0.025
1662322824214,2022-09-04T16.20.24.214,2.370,0.701,-0.709,-0.066,0.025
1662322824224,2022-09-04T16.20.24.224,2.380,0.701,-0.709,-0.066,0.025
1662322824234,2022-09-04T16.20.24.234,2.390,0.701,-0.709,-0.065,0.025
1662322824244,2022-09-04T16.20.24.244,2.400,0.701,-0.709,-0.065,0.025
1662322824254,2022-09-04T16.20.24.254,2.410,0.702,-0.709,-0.065,0.025
1662322824264,2022-09-04T16.20.24.264,2.420,0.702,-0.709,-0.065,0.025
1662322824274,2022-09-04T16.20.24.274,2.430,0.702,-0.709,-0.065,0.025
1662322824284,2022-09-04T16.20.24.284,2.440,0.702,-0.709,-0.065,0.025
1662322824294,2022-09-04T16.20.24.294,2.450,0.703,-0.708,-0.065,0.024
1662322824304,2022-09-04T16.20.24.304,2.460,0.703,-0.707,-0.065,0.024
1662322824314,2022-09-04T16.20.24.314,2.470,0.704,-0.706,-0.065,0.023
1662322824324,2022-09-04T16.20.24.324,2.480,0.705,-0.706,-0.065,0.023
1662322824334,2022-09-04T16.20.24.334,2.490,0.706,-0.705,-0.065,0.022
1662322824344,2022-09-04T16.20.24.344,2.500,0.707,-0.704,-0.065,0.021
1662322824354,2022-09-04T16.20.24.354,2.510,0.707,-0.704,-0.065,0.020
1662322824364,2022-09-04T16.20.24.364,2.520,0.707,-0.704,-0.065,0.019
1662322824374,2022-09-04T16.20.24.374,2.530,0.707,-0.704,-0.065,0.019
1662322824384,2022-09-04T16.20.24.384,2.540,0.706,-0.705,-0.064,0.019
1662322824394,2022-09-04T16.20.24.394,2.550,0.705,-0.706,-0.064,0.020
1662322824404,2022-09-04T16.20.24.404,2.560,0.704,-0.707,-0.065,0.020
1662322824414,2022-09-04T16.20.24.414,2.570,0.704,-0.707,-0.065,0.021
1662322824424,2022-09-04T16.20.24.424,2.580,0.704,-0.707,-0.065,0.021
1662322824434,2022-09-04T16.20.24.434,2.590,0.704,-0.707,-0.065,0.021
1662322824444,2022-09-04T16.20.24.444,2.600,0.704,-0.707,-0.065,0.021
1662322824454,2022-09-04T16.20.24.454,2.610,0.704,-0.707,-0.065,0.020
1662322824464,2022-09-04T16.20.24.464,2.620,0.705,-0.706,-0.065,0.019
1662322824474,2022-09-04T16.20.24.474,2.630,0.706,-0.705,-0.065,0.019
1662322824484,2022-09-04T16.20.24.484,2.640,0.706,-0.705,-0.065,0.018
1662322824494,2022-09-04T16.20.24.494,2.650,0.707,-0.704,-0.065,0.019
1662322824504,2022-09-04T16.20.24.504,2.660,0.707,-0.704,-0.065,0.019
1662322824514,2022-09-04T16.20.24.514,2.670,0.708,-0.703,-0.065,0.020
1662322824524,2022-09-04T16.20.24.524,2.680,0.708,-0.702,-0.066,0.021
1662322824534,2022-09-04T16.20.24.534,2.690,0.710,-0.701,-0.067,0.022
1662322824544,2022-09-04T16.20.24.544,2.700,0.712,-0.698,-0.068,0.021
1662322824554,2022-09-04T16.20.24.554,2.710,0.714,-0.696,-0.069,0.021
1662322824564,2022-09-04T16.20.24.564,2.720,0.716,-0.694,-0.071,0.022
1662322824574,2022-09-04T16.20.24.574,2.730,0.718,-0.692,-0.073,0.022
1662322824584,2022-09-04T16.20.24.584,2.740,0.720,-0.689,-0.074,0.023
1662322824594,2022-09-04T16.20.24.594,2.750,0.723,-0.686,-0.076,0.025
1662322824604,2022-09-04T16.20.24.604,2.760,0.726,-0.683,-0.077,0.027
1662322824614,2022-09-04T16.20.24.614,2.770,0.728,-0.681,-0.078,0.031
1662322824624,2022-09-04T16.20.24.624,2.780,0.728,-0.680,-0.079,0.036
1662322824634,2022-09-04T16.20.24.634,2.790,0.724,-0.683,-0.081,0.045
1662322824644,2022-09-04T16.20.24.644,2.800,0.719,-0.688,-0.083,0.054
1662322824654,2022-09-04T16.20.24.654,2.810,0.716,-0.688,-0.082,0.081
1662322824664,2022-09-04T16.20.24.664,2.820,0.716,-0.686,-0.075,0.101
1662322824674,2022-09-04T16.20.24.674,2.830,0.711,-0.691,-0.074,0.110
1662322824684,2022-09-04T16.20.24.684,2.840,0.702,-0.700,-0.073,0.112
1662322824694,2022-09-04T16.20.24.694,2.850,0.692,-0.709,-0.070,0.114
1662322824704,2022-09-04T16.20.24.704,2.860,0.685,-0.717,-0.067,0.116
1662322824714,2022-09-04T16.20.24.714,2.870,0.679,-0.722,-0.063,0.117
1662322824724,2022-09-04T16.20.24.724,2.880,0.676,-0.726,-0.059,0.115
1662322824734,2022-09-04T16.20.24.734,2.890,0.675,-0.727,-0.055,0.112
1662322824744,2022-09-04T16.20.24.744,2.900,0.678,-0.725,-0.052,0.109
1662322824754,2022-09-04T16.20.24.754,2.910,0.682,-0.722,-0.050,0.107
1662322824764,2022-09-04T16.20.24.764,2.920,0.683,-0.722,-0.046,0.102
1662322824774,2022-09-04T16.20.24.774,2.930,0.683,-0.723,-0.045,0.098
1662322824784,2022-09-04T16.20.24.784,2.940,0.685,-0.721,-0.043,0.095
1662322824794,2022-09-04T16.20.24.794,2.950,0.688,-0.719,-0.042,0.092
1662322824804,2022-09-04T16.20.24.804,2.960,0.692,-0.715,-0.041,0.089
1662322824814,2022-09-04T16.20.24.814,2.970,0.696,-0.712,-0.039,0.085
1662322824824,2022-09-04T16.20.24.824,2.980,0.698,-0.711,-0.038,0.081
1662322824834,2022-09-04T16.20.24.834,2.990,0.702,-0.707,-0.037,0.077
1662322824844,2022-09-04T16.20.24.844,3.000,0.709,-0.701,-0.035,0.074
1662322824854,2022-09-04T16.20.24.854,3.010,0.717,-0.693,-0.035,0.073
1662322824864,2022-09-04T16.20.24.864,3.020,0.722,-0.688,-0.033,0.072
1662322824874,2022-09-04T16.20.24.874,3.030,0.726,-0.683,-0.034,0.073
1662322824884,2022-09-04T16.20.24.884,3.040,0.732,-0.676,-0.035,0.075
1662322824894,2022-09-04T16.20.24.894,3.050,0.744,-0.663,-0.037,0.078
1662322824904,2022-09-04T16.20.24.904,3.060,0.757,-0.648,-0.035,0.076
1662322824914,2022-09-04T16.20.24.914,3.070,0.770,-0.633,-0.036,0.077
1662322824924,2022-09-04T16.20.24.924,3.080,0.780,-0.621,-0.036,0.076
1662322824934,2022-09-04T16.20.24.934,3.090,0.787,-0.612,-0.036,0.074
1662322824944,2022-09-04T16.20.24.944,3.100,0.794,-0.603,-0.036,0.073
1662322824954,2022-09-04T16.20.24.954,3.110,0.802,-0.592,-0.035,0.072
1662322824964,2022-09-04T16.20.24.964,3.120,0.811,-0.580,-0.035,0.071
1662322824974,2022-09-04T16.20.24.974,3.130,0.820,-0.567,-0.034,0.072
1662322824984,2022-09-04T16.20.24.984,3.140,0.831,-0.550,-0.036,0.072
1662322824994,2022-09-04T16.20.24.994,3.150,0.844,-0.531,-0.038,0.073
1662322825004,2022-09-04T16.20.25.004,3.160,0.857,-0.508,-0.040,0.074
1662322825014,2022-09-04T16.20.25.014,3.170,0.871,-0.483,-0.043,0.076
1662322825024,2022-09-04T16.20.25.024,3.180,0.886,-0.455,-0.047,0.078
1662322825034,2022-09-04T16.20.25.034,3.190,0.899,-0.427,-0.050,0.082
1662322825044,2022-09-04T16.20.25.044,3.200,0.910,-0.401,-0.055,0.087
1662322825054,2022-09-04T16.20.25.054,3.210,0.918,-0.380,-0.060,0.094
1662322825064,2022-09-04T16.20.25.064,3.220,0.924,-0.362,-0.063,0.101
1662322825074,2022-09-04T16.20.25.074,3.230,0.929,-0.349,-0.064,0.108
1662322825084,2022-09-04T16.20.25.084,3.240,0.931,-0.342,-0.064,0.114
1662322825094,2022-09-04T16.20.25.094,3.250,0.930,-0.340,-0.063,0.120
1662322825104,2022-09-04T16.20.25.104,3.260,0.933,-0.333,-0.058,0.127
1662322825114,2022-09-04T16.20.25.114,3.270,0.941,-0.309,-0.058,0.128
1662322825124,2022-09-04T16.20.25.124,3.280,0.965,-0.221,-0.062,0.129
1662322825134,2022-09-04T16.20.25.134,3.290,0.980,-0.106,-0.093,0.138
1662322825144,2022-09-04T16.20.25.144,3.300,0.979,-0.004,-0.135,0.155
1662322825154,2022-09-04T16.20.25.154,3.310,0.976,0.043,-0.131,0.166
1662322825164,2022-09-04T16.20.25.164,3.320,0.979,0.035,-0.127,0.158
1662322825174,2022-09-04T16.20.25.174,3.330,0.982,0.021,-0.120,0.145
1662322825184,2022-09-04T16.20.25.184,3.340,0.983,0.024,-0.114,0.142
1662322825194,2022-09-04T16.20.25.194,3.350,0.983,0.034,-0.111,0.145
1662322825204,2022-09-04T16.20.25.204,3.360,0.982,0.041,-0.109,0.150
1662322825214,2022-09-04T16.20.25.214,3.370,0.981,0.045,-0.106,0.153
1662322825224,2022-09-04T16.20.25.224,3.380,0.979,0.074,-0.091,0.168
1662322825234,2022-09-04T16.20.25.234,3.390,0.976,0.111,-0.081,0.167
1662322825244,2022-09-04T16.20.25.244,3.400,0.971,0.149,-0.072,0.170
1662322825254,2022-09-04T16.20.25.254,3.410,0.966,0.185,-0.061,0.171
1662322825264,2022-09-04T16.20.25.264,3.420,0.959,0.218,-0.052,0.171
1662322825274,2022-09-04T16.20.25.274,3.430,0.953,0.247,-0.043,0.171
1662322825284,2022-09-04T16.20.25.284,3.440,0.946,0.273,-0.033,0.170
1662322825294,2022-09-04T16.20.25.294,3.450,0.940,0.296,-0.026,0.168
1662322825304,2022-09-04T16.20.25.304,3.460,0.935,0.314,-0.019,0.167
1662322825314,2022-09-04T16.20.25.314,3.470,0.930,0.329,-0.014,0.165
1662322825324,2022-09-04T16.20.25.324,3.480,0.926,0.341,-0.010,0.163
1662322825334,2022-09-04T16.20.25.334,3.490,0.923,0.350,-0.007,0.161
1662322825344,2022-09-04T16.20.25.344,3.500,0.919,0.360,-0.005,0.159
1662322825354,2022-09-04T16.20.25.354,3.510,0.915,0.372,-0.004,0.157
1662322825364,2022-09-04T16.20.25.364,3.520,0.910,0.383,-0.004,0.157
1662322825374,2022-09-04T16.20.25.374,3.530,0.905,0.395,-0.004,0.157
1662322825384,2022-09-04T16.20.25.384,3.540,0.899,0.409,-0.006,0.159
1662322825394,2022-09-04T16.20.25.394,3.550,0.889,0.429,-0.010,0.161
1662322825404,2022-09-04T16.20.25.404,3.560,0.865,0.474,-0.014,0.165
1662322825414,2022-09-04T16.20.25.414,3.570,0.821,0.547,-0.010,0.163
1662322825424,2022-09-04T16.20.25.424,3.580,0.796,0.584,-0.006,0.159
1662322825434,2022-09-04T16.20.25.434,3.590,0.795,0.587,-0.008,0.155
1662322825444,2022-09-04T16.20.25.444,3.600,0.790,0.594,-0.005,0.154
1662322825454,2022-09-04T16.20.25.454,3.610,0.785,0.601,-0.004,0.151
1662322825464,2022-09-04T16.20.25.464,3.620,0.783,0.604,-0.003,0.149
1662322825474,2022-09-04T16.20.25.474,3.630,0.782,0.606,-0.002,0.146
1662322825484,2022-09-04T16.20.25.484,3.640,0.779,0.610,-0.001,0.143
1662322825494,2022-09-04T16.20.25.494,3.650,0.777,0.614,0.001,0.140
1662322825504,2022-09-04T16.20.25.504,3.660,0.773,0.620,0.002,0.138
1662322825514,2022-09-04T16.20.25.514,3.670,0.767,0.627,0.003,0.136
1662322825524,2022-09-04T16.20.25.524,3.680,0.760,0.636,0.004,0.132
1662322825534,2022-09-04T16.20.25.534,3.690,0.754,0.645,0.005,0.127
1662322825544,2022-09-04T16.20.25.544,3.700,0.748,0.653,0.006,0.120
1662322825554,2022-09-04T16.20.25.554,3.710,0.742,0.661,0.006,0.113
1662322825564,2022-09-04T16.20.25.564,3.720,0.733,0.672,0.007,0.105
1662322825574,2022-09-04T16.20.25.574,3.730,0.724,0.683,0.009,0.097
1662322825584,2022-09-04T16.20.25.584,3.740,0.714,0.694,0.011,0.089
1662322825594,2022-09-04T16.20.25.594,3.750,0.707,0.702,0.013,0.081
1662322825604,2022-09-04T16.20.25.604,3.760,0.700,0.710,0.014,0.075
1662322825614,2022-09-04T16.20.25.614,3.770,0.693,0.717,0.014,0.070
1662322825624,2022-09-04T16.20.25.624,3.780,0.687,0.724,0.015,0.065
1662322825634,2022-09-04T16.20.25.634,3.790,0.681,0.729,0.015,0.060
1662322825644,2022-09-04T16.20.25.644,3.800,0.676,0.734,0.016,0.057
1662322825654,2022-09-04T16.20.25.654,3.810,0.674,0.737,0.017,0.054
1662322825664,2022-09-04T16.20.25.664,3.820,0.672,0.738,0.017,0.053
1662322825674,2022-09-04T16.20.25.674,3.830,0.670,0.740,0.018,0.052
1662322825684,2022-09-04T16.20.25.684,3.840,0.668,0.742,0.019,0.052
1662322825694,2022-09-04T16.20.25.694,3.850,0.668,0.742,0.019,0.051
1662322825704,2022-09-04T16.20.25.704,3.860,0.666,0.744,0.020,0.051
1662322825714,2022-09-04T16.20.25.714,3.870,0.664,0.746,0.021,0.052
1662322825724,2022-09-04T16.20.25.724,3.880,0.662,0.747,0.021,0.052
1662322825734,2022-09-04T16.20.25.734,3.890,0.662,0.747,0.021,0.052
1662322825744,2022-09-04T16.20.25.744,3.900,0.661,0.748,0.021,0.052
1662322825754,2022-09-04T16.20.25.754,3.910,0.660,0.749,0.021,0.052
1662322825764,2022-09-04T16.20.25.764,3.920,0.660,0.749,0.021,0.052
1662322825774,2022-09-04T16.20.25.774,3.930,0.664,0.746,0.024,0.049
1662322825784,2022-09-04T16.20.25.784,3.940,0.665,0.745,0.024,0.049
1662322825794,2022-09-04T16.20.25.794,3.950,0.665,0.745,0.024,0.050
1662322825804,2022-09-04T16.20.25.804,3.960,0.665,0.744,0.024,0.050
1662322825814,2022-09-04T16.20.25.814,3.970,0.665,0.745,0.024,0.051
1662322825824,2022-09-04T16.20.25.824,3.980,0.664,0.745,0.023,0.051
1662322825834,2022-09-04T16.20.25.834,3.990,0.664,0.746,0.023,0.052
1662322825844,2022-09-04T16.20.25.844,4.000,0.664,0.745,0.023,0.052
1662322825854,2022-09-04T16.20.25.854,4.010,0.664,0.745,0.023,0.053
1662322825864,2022-09-04T16.20.25.864,4.020,0.664,0.745,0.023,0.053
1662322825874,2022-09-04T16.20.25.874,4.030,0.664,0.745,0.023,0.053
1662322825884,2022-09-04T16.20.25.884,4.040,0.665,0.745,0.022,0.053
1662322825894,2022-09-04T16.20.25.894,4.050,0.665,0.745,0.022,0.053
1662322825904,2022-09-04T16.20.25.904,4.060,0.665,0.745,0.022,0.053
1662322825914,2022-09-04T16.20.25.914,4.070,0.665,0.745,0.022,0.053
1662322825924,2022-09-04T16.20.25.924,4.080,0.665,0.745,0.022,0.054
1662322825934,2022-09-04T16.20.25.934,4.090,0.665,0.745,0.022,0.054
1662322825944,2022-09-04T16.20.25.944,4.100,0.665,0.745,0.022,0.054
1662322825954,2022-09-04T16.20.25.954,4.110,0.665,0.745,0.022,0.054
1662322825964,2022-09-04T16.20.25.964,4.120,0.665,0.745,0.021,0.055
1662322825974,2022-09-04T16.20.25.974,4.130,0.665,0.745,0.021,0.055
1662322825984,2022-09-04T16.20.25.984,4.140,0.665,0.745,0.021,0.055
1662322825994,2022-09-04T16.20.25.994,4.150,0.665,0.745,0.021,0.056
1662322826004,2022-09-04T16.20.26.004,4.160,0.665,0.745,0.021,0.056
1662322826014,2022-09-04T16.20.26.014,4.170,0.665,0.745,0.021,0.056
1662322826024,2022-09-04T16.20.26.024,4.180,0.665,0.745,0.020,0.056
1662322826034,2022-09-04T16.20.26.034,4.190,0.665,0.744,0.020,0.057
1662322826044,2022-09-04T16.20.26.044,4.200,0.665,0.744,0.020,0.057
1662322826054,2022-09-04T16.20.26.054,4.210,0.665,0.744,0.020,0.058
1662322826064,2022-09-04T16.20.26.064,4.220,0.666,0.744,0.019,0.058
1662322826074,2022-09-04T16.20.26.074,4.230,0.666,0.743,0.019,0.058
1662322826084,2022-09-04T16.20.26.084,4.240,0.667,0.743,0.018,0.059
1662322826094,2022-09-04T16.20.26.094,4.250,0.667,0.742,0.018,0.059
1662322826104,2022-09-04T16.20.26.104,4.260,0.668,0.742,0.017,0.059
1662322826114,2022-09-04T16.20.26.114,4.270,0.668,0.742,0.016,0.060
1662322826124,2022-09-04T16.20.26.124,4.280,0.668,0.741,0.016,0.060
1662322826134,2022-09-04T16.20.26.134,4.290,0.669,0.741,0.016,0.060
1662322826144,2022-09-04T16.20.26.144,4.300,0.669,0.740,0.015,0.061
1662322826154,2022-09-04T16.20.26.154,4.310,0.670,0.740,0.015,0.061
1662322826164,2022-09-04T16.20.26.164,4.320,0.671,0.739,0.015,0.061
1662322826174,2022-09-04T16.20.26.174,4.330,0.671,0.739,0.014,0.061
1662322826184,2022-09-04T16.20.26.184,4.340,0.671,0.738,0.014,0.062
1662322826194,2022-09-04T16.20.26.194,4.350,0.671,0.739,0.014,0.062
1662322826204,2022-09-04T16.20.26.204,4.360,0.670,0.739,0.014,0.062
1662322826214,2022-09-04T16.20.26.214,4.370,0.670,0.740,0.013,0.062
1662322826224,2022-09-04T16.20.26.224,4.380,0.669,0.740,0.013,0.062
1662322826234,2022-09-04T16.20.26.234,4.390,0.669,0.740,0.013,0.062
1662322826244,2022-09-04T16.20.26.244,4.400,0.669,0.740,0.013,0.062
1662322826254,2022-09-04T16.20.26.254,4.410,0.669,0.740,0.012,0.063
1662322826264,2022-09-04T16.20.26.264,4.420,0.669,0.740,0.012,0.063
1662322826274,2022-09-04T16.20.26.274,4.430,0.670,0.740,0.012,0.063
1662322826284,2022-09-04T16.20.26.284,4.440,0.670,0.740,0.012,0.063
1662322826294,2022-09-04T16.20.26.294,4.450,0.670,0.739,0.012,0.064
1662322826304,2022-09-04T16.20.26.304,4.460,0.671,0.739,0.012,0.064
1662322826314,2022-09-04T16.20.26.314,4.470,0.671,0.739,0.011,0.064
1662322826324,2022-09-04T16.20.26.324,4.480,0.671,0.739,0.011,0.064
1662322826334,2022-09-04T16.20.26.334,4.490,0.671,0.738,0.011,0.064
1662322826344,2022-09-04T16.20.26.344,4.500,0.672,0.738,0.010,0.064
1662322826354,2022-09-04T16.20.26.354,4.510,0.672,0.738,0.010,0.064
1662322826364,2022-09-04T16.20.26.364,4.520,0.672,0.737,0.010,0.063
1662322826374,2022-09-04T16.20.26.374,4.530,0.673,0.737,0.009,0.063
1662322826384,2022-09-04T16.20.26.384,4.540,0.674,0.736,0.009,0.063
1662322826394,2022-09-04T16.20.26.394,4.550,0.675,0.735,0.008,0.063
1662322826404,2022-09-04T16.20.26.404,4.560,0.675,0.735,0.008,0.063
1662322826414,2022-09-04T16.20.26.414,4.570,0.675,0.735,0.007,0.062
1662322826424,2022-09-04T16.20.26.424,4.580,0.675,0.735,0.006,0.062
1662322826434,2022-09-04T16.20.26.434,4.590,0.676,0.735,0.006,0.062
1662322826444,2022-09-04T16.20.26.444,4.600,0.676,0.734,0.005,0.062
1662322826454,2022-09-04T16.20.26.454,4.610,0.677,0.733,0.004,0.061
1662322826464,2022-09-04T16.20.26.464,4.620,0.679,0.732,0.003,0.061
1662322826474,2022-09-04T16.20.26.474,4.630,0.681,0.730,0.002,0.061
1662322826484,2022-09-04T16.20.26.484,4.640,0.685,0.726,0.000,0.060
1662322826494,2022-09-04T16.20.26.494,4.650,0.687,0.724,-0.003,0.066
1662322826504,2022-09-04T16.20.26.504,4.660,0.685,0.725,-0.010,0.076
1662322826514,2022-09-04T16.20.26.514,4.670,0.687,0.723,-0.013,0.075
1662322826524,2022-09-04T16.20.26.524,4.680,0.687,0.722,-0.016,0.076
1662322826534,2022-09-04T16.20.26.534,4.690,0.687,0.722,-0.019,0.077
1662322826544,2022-09-04T16.20.26.544,4.700,0.687,0.722,-0.021,0.078
1662322826554,2022-09-04T16.20.26.554,4.710,0.687,0.722,-0.022,0.078
1662322826564,2022-09-04T16.20.26.564,4.720,0.687,0.722,-0.023,0.079
1662322826574,2022-09-04T16.20.26.574,4.730,0.686,0.723,-0.024,0.079
1662322826584,2022-09-04T16.20.26.584,4.740,0.687,0.722,-0.025,0.080
1662322826594,2022-09-04T16.20.26.594,4.750,0.688,0.720,-0.025,0.081
1662322826604,2022-09-04T16.20.26.604,4.760,0.690,0.719,-0.025,0.083
1662322826614,2022-09-04T16.20.26.614,4.770,0.692,0.717,-0.026,0.085
1662322826624,2022-09-04T16.20.26.624,4.780,0.693,0.715,-0.026,0.087
1662322826634,2022-09-04T16.20.26.634,4.790,0.693,0.716,-0.027,0.087
1662322826644,2022-09-04T16.20.26.644,4.800,0.687,0.721,-0.030,0.088
1662322826654,2022-09-04T16.20.26.654,4.810,0.683,0.724,-0.032,0.090
1662322826664,2022-09-04T16.20.26.664,4.820,0.679,0.728,-0.034,0.093
1662322826674,2022-09-04T16.20.26.674,4.830,0.676,0.730,-0.036,0.097
1662322826684,2022-09-04T16.20.26.684,4.840,0.673,0.731,-0.038,0.102
1662322826694,2022-09-04T16.20.26.694,4.850,0.672,0.731,-0.041,0.110
1662322826704,2022-09-04T16.20.26.704,4.860,0.671,0.731,-0.044,0.119
1662322826714,2022-09-04T16.20.26.714,4.870,0.671,0.728,-0.049,0.130
1662322826724,2022-09-04T16.20.26.724,4.880,0.673,0.724,-0.054,0.141
1662322826734,2022-09-04T16.20.26.734,4.890,0.676,0.718,-0.062,0.152
1662322826744,2022-09-04T16.20.26.744,4.900,0.679,0.712,-0.070,0.164
1662322826754,2022-09-04T16.20.26.754,4.910,0.680,0.706,-0.081,0.180
1662322826764,2022-09-04T16.20.26.764,4.920,0.679,0.702,-0.091,0.195
1662322826774,2022-09-04T16.20.26.774,4.930,0.677,0.699,-0.098,0.209
1662322826784,2022-09-04T16.20.26.784,4.940,0.674,0.696,-0.111,0.223
1662322826794,2022-09-04T16.20.26.794,4.950,0.671,0.691,-0.121,0.239
1662322826804,2022-09-04T16.20.26.804,4.960,0.668,0.687,-0.131,0.253
1662322826814,2022-09-04T16.20.26.814,4.970,0.665,0.683,-0.142,0.268
1662322826824,2022-09-04T16.20.26.824,4.980,0.660,0.677,-0.155,0.284
1662322826834,2022-09-04T16.20.26.834,4.990,0.655,0.671,-0.170,0.302
1662322826844,2022-09-04T16.20.26.844,5.000,0.649,0.664,-0.184,0.321
1662322826854,2022-09-04T16.20.26.854,5.010,0.642,0.657,-0.197,0.344
1662322826864,2022-09-04T16.20.26.864,5.020,0.632,0.649,-0.210,0.368
1662322826874,2022-09-04T16.20.26.874,5.030,0.620,0.642,-0.223,0.393
1662322826884,2022-09-04T16.20.26.884,5.040,0.607,0.634,-0.237,0.416
1662322826894,2022-09-04T16.20.26.894,5.050,0.595,0.624,-0.252,0.439
1662322826904,2022-09-04T16.20.26.904,5.060,0.584,0.613,-0.268,0.460
1662322826914,2022-09-04T16.20.26.914,5.070,0.572,0.602,-0.287,0.479
1662322826924,2022-09-04T16.20.26.924,5.080,0.558,0.590,-0.307,0.497
1662322826934,2022-09-04T16.20.26.934,5.090,0.545,0.573,-0.328,0.517
1662322826944,2022-09-04T16.20.26.944,5.100,0.537,0.548,-0.344,0.542
1662322826954,2022-09-04T16.20.26.954,5.110,0.529,0.527,-0.357,0.561
1662322826964,2022-09-04T16.20.26.964,5.120,0.525,0.517,-0.361,0.571
1662322826974,2022-09-04T16.20.26.974,5.130,0.526,0.507,-0.362,0.579
1662322826984,2022-09-04T16.20.26.984,5.140,0.524,0.497,-0.364,0.587
1662322826994,2022-09-04T16.20.26.994,5.150,0.519,0.489,-0.369,0.596
1662322827004,2022-09-04T16.20.27.004,5.160,0.513,0.482,-0.376,0.603
1662322827014,2022-09-04T16.20.27.014,5.170,0.506,0.476,-0.383,0.609
1662322827024,2022-09-04T16.20.27.024,5.180,0.500,0.470,-0.390,0.614
1662322827034,2022-09-04T16.20.27.034,5.190,0.493,0.465,-0.398,0.618
1662322827044,2022-09-04T16.20.27.044,5.200,0.485,0.460,-0.409,0.621
1662322827054,2022-09-04T16.20.27.054,5.210,0.477,0.453,-0.420,0.625
1662322827064,2022-09-04T16.20.27.064,5.220,0.470,0.444,-0.431,0.629
1662322827074,2022-09-04T16.20.27.074,5.230,0.464,0.437,-0.440,0.633
1662322827084,2022-09-04T16.20.27.084,5.240,0.461,0.432,-0.445,0.635
1662322827094,2022-09-04T16.20.27.094,5.250,0.459,0.428,-0.446,0.638
1662322827104,2022-09-04T16.20.27.104,5.260,0.459,0.424,-0.446,0.641
1662322827114,2022-09-04T16.20.27.114,5.270,0.459,0.421,-0.445,0.643
1662322827124,2022-09-04T16.20.27.124,5.280,0.458,0.420,-0.445,0.644
1662322827134,2022-09-04T16.20.27.134,5.290,0.457,0.420,-0.447,0.644
1662322827144,2022-09-04T16.20.27.144,5.300,0.455,0.419,-0.449,0.645
1662322827154,2022-09-04T16.20.27.154,5.310,0.453,0.419,-0.451,0.645
1662322827164,2022-09-04T16.20.27.164,5.320,0.450,0.419,-0.455,0.645
1662322827174,2022-09-04T16.20.27.174,5.330,0.447,0.417,-0.458,0.645
1662322827184,2022-09-04T16.20.27.184,5.340,0.445,0.416,-0.461,0.645
1662322827194,2022-09-04T16.20.27.194,5.350,0.442,0.416,-0.465,0.645
1662322827204,2022-09-04T16.20.27.204,5.360,0.439,0.415,-0.469,0.644
1662322827214,2022-09-04T16.20.27.214,5.370,0.437,0.416,-0.473,0.643
1662322827224,2022-09-04T16.20.27.224,5.380,0.435,0.417,-0.475,0.642
1662322827234,2022-09-04T16.20.27.234,5.390,0.433,0.418,-0.477,0.641
1662322827244,2022-09-04T16.20.27.244,5.400,0.431,0.418,-0.479,0.640
1662322827254,2022-09-04T16.20.27.254,5.410,0.429,0.420,-0.482,0.639
1662322827264,2022-09-04T16.20.27.264,5.420,0.427,0.421,-0.484,0.638
1662322827274,2022-09-04T16.20.27.274,5.430,0.426,0.421,-0.485,0.637
1662322827284,2022-09-04T16.20.27.284,5.440,0.426,0.421,-0.486,0.636
1662322827294,2022-09-04T16.20.27.294,5.450,0.426,0.422,-0.488,0.635
1662322827304,2022-09-04T16.20.27.304,5.460,0.424,0.423,-0.491,0.633
1662322827314,2022-09-04T16.20.27.314,5.470,0.424,0.423,-0.493,0.631
1662322827324,2022-09-04T16.20.27.324,5.480,0.423,0.423,-0.494,0.630
1662322827334,2022-09-04T16.20.27.334,5.490,0.423,0.424,-0.495,0.629
1662322827344,2022-09-04T16.20.27.344,5.500,0.423,0.424,-0.496,0.629
1662322827354,2022-09-04T16.20.27.354,5.510,0.410,0.412,-0.508,0.635
1662322827364,2022-09-04T16.20.27.364,5.520,0.410,0.412,-0.509,0.635
1662322827374,2022-09-04T16.20.27.374,5.530,0.410,0.412,-0.508,0.635
1662322827384,2022-09-04T16.20.27.384,5.540,0.411,0.412,-0.507,0.636
1662322827394,2022-09-04T16.20.27.394,5.550,0.412,0.412,-0.505,0.637
1662322827404,2022-09-04T16.20.27.404,5.560,0.412,0.412,-0.504,0.637
1662322827414,2022-09-04T16.20.27.414,5.570,0.412,0.412,-0.504,0.637
1662322827424,2022-09-04T16.20.27.424,5.580,0.413,0.413,-0.504,0.637
1662322827434,2022-09-04T16.20.27.434,5.590,0.412,0.413,-0.505,0.636
1662322827444,2022-09-04T16.20.27.444,5.600,0.412,0.414,-0.505,0.635
1662322827454,2022-09-04T16.20.27.454,5.610,0.412,0.414,-0.506,0.634
1662322827464,2022-09-04T16.20.27.464,5.620,0.412,0.415,-0.506,0.634
1662322827474,2022-09-04T16.20.27.474,5.630,0.412,0.415,-0.507,0.633
1662322827484,2022-09-04T16.20.27.484,5.640,0.412,0.416,-0.508,0.632
1662322827494,2022-09-04T16.20.27.494,5.650,0.412,0.417,-0.508,0.631
1662322827504,2022-09-04T16.20.27.504,5.660,0.412,0.419,-0.508,0.630
1662322827514,2022-09-04T16.20.27.514,5.670,0.412,0.421,-0.506,0.630
1662322827524,2022-09-04T16.20.27.524,5.680,0.412,0.423,-0.504,0.631
1662322827534,2022-09-04T16.20.27.534,5.690,0.412,0.425,-0.502,0.631
1662322827544,2022-09-04T16.20.27.544,5.700,0.146,0.584,-0.306,0.738
1662322827554,2022-09-04T16.20.27.554,5.710,0.146,0.585,-0.305,0.737
1662322827564,2022-09-04T16.20.27.564,5.720,0.146,0.587,-0.305,0.736
1662322827574,2022-09-04T16.20.27.574,5.730,0.146,0.588,-0.305,0.735
1662322827584,2022-09-04T16.20.27.584,5.740,0.147,0.588,-0.304,0.735
1662322827594,2022-09-04T16.20.27.594,5.750,0.148,0.588,-0.304,0.735
1662322827604,2022-09-04T16.20.27.604,5.760,0.148,0.589,-0.305,0.734
1662322827614,2022-09-04T16.20.27.614,5.770,0.149,0.589,-0.305,0.734
1662322827624,2022-09-04T16.20.27.624,5.780,0.150,0.589,-0.304,0.734
1662322827634,2022-09-04T16.20.27.634,5.790,0.151,0.588,-0.303,0.734
1662322827644,2022-09-04T16.20.27.644,5.800,0.152,0.588,-0.301,0.735
1662322827654,2022-09-04T16.20.27.654,5.810,0.153,0.588,-0.300,0.735
1662322827664,2022-09-04T16.20.27.664,5.820,0.154,0.589,-0.299,0.735
1662322827674,2022-09-04T16.20.27.674,5.830,0.156,0.588,-0.300,0.735
1662322827684,2022-09-04T16.20.27.684,5.840,0.157,0.588,-0.299,0.735
1662322827694,2022-09-04T16.20.27.694,5.850,0.158,0.589,-0.299,0.734
1662322827704,2022-09-04T16.20.27.704,5.860,0.159,0.589,-0.299,0.734
1662322827714,2022-09-04T16.20.27.714,5.870,0.159,0.590,-0.298,0.734
1662322827724,2022-09-04T16.20.27.724,5.880,0.160,0.590,-0.298,0.733
1662322827734,2022-09-04T16.20.27.734,5.890,0.160,0.591,-0.297,0.732
1662322827744,2022-09-04T16.20.27.744,5.900,0.161,0.592,-0.297,0.732
1662322827754,2022-09-04T16.20.27.754,5.910,0.161,0.593,-0.296,0.731
1662322827764,2022-09-04T16.20.27.764,5.920,0.162,0.593,-0.295,0.731
1662322827774,2022-09-04T16.20.27.774,5.930,0.162,0.594,-0.296,0.730
1662322827784,2022-09-04T16.20.27.784,5.940,0.162,0.596,-0.296,0.729
1662322827794,2022-09-04T16.20.27.794,5.950,0.162,0.597,-0.296,0.728
1662322827804,2022-09-04T16.20.27.804,5.960,0.162,0.597,-0.295,0.728
1662322827814,2022-09-04T16.20.27.814,5.970,0.163,0.597,-0.294,0.729
1662322827824,2022-09-04T16.20.27.824,5.980,0.163,0.596,-0.293,0.729
1662322827834,2022-09-04T16.20.27.834,5.990,0.166,0.595,-0.294,0.729
1662322827844,2022-09-04T16.20.27.844,6.000,0.167,0.595,-0.292,0.730
1662322827854,2022-09-04T16.20.27.854,6.010,0.167,0.596,-0.292,0.729
1662322827864,2022-09-04T16.20.27.864,6.020,0.166,0.596,-0.294,0.728
1662322827874,2022-09-04T16.20.27.874,6.030,0.166,0.598,-0.293,0.727
1662322827884,2022-09-04T16.20.27.884,6.040,0.166,0.599,-0.294,0.726
1662322827894,2022-09-04T16.20.27.894,6.050,0.166,0.599,-0.295,0.725
1662322827904,2022-09-04T16.20.27.904,6.060,0.166,0.600,-0.296,0.724
1662322827914,2022-09-04T16.20.27.914,6.070,0.166,0.602,-0.298,0.722
1662322827924,2022-09-04T16.20.27.924,6.080,0.166,0.603,-0.297,0.722
1662322827934,2022-09-04T16.20.27.934,6.090,0.166,0.602,-0.297,0.722
1662322827944,2022-09-04T16.20.27.944,6.100,0.166,0.603,-0.297,0.721
1662322827954,2022-09-04T16.20.27.954,6.110,0.165,0.604,-0.296,0.721
1662322827964,2022-09-04T16.20.27.964,6.120,0.164,0.604,-0.296,0.721
1662322827974,2022-09-04T16.20.27.974,6.130,0.162,0.606,-0.295,0.721
1662322827984,2022-09-04T16.20.27.984,6.140,0.161,0.606,-0.292,0.722
1662322827994,2022-09-04T16.20.27.994,6.150,0.160,0.605,-0.290,0.724
1662322828004,2022-09-04T16.20.28.004,6.160,0.159,0.606,-0.289,0.724
1662322828014,2022-09-04T16.20.28.014,6.170,0.157,0.604,-0.289,0.726
1662322828024,2022-09-04T16.20.28.024,6.180,0.156,0.603,-0.289,0.727
1662322828034,2022-09-04T16.20.28.034,6.190,0.155,0.601,-0.291,0.728
1662322828044,2022-09-04T16.20.28.044,6.200,0.154,0.599,-0.294,0.728
1662322828054,2022-09-04T16.20.28.054,6.210,0.152,0.598,-0.297,0.729
1662322828064,2022-09-04T16.20.28.064,6.220,0.149,0.596,-0.299,0.730
1662322828074,2022-09-04T16.20.28.074,6.230,0.146,0.594,-0.300,0.732
1662322828084,2022-09-04T16.20.28.084,6.240,0.140,0.592,-0.302,0.734
1662322828094,2022-09-04T16.20.28.094,6.250,0.130,0.590,-0.305,0.736
1662322828104,2022-09-04T16.20.28.104,6.260,0.118,0.586,-0.309,0.740
1662322828114,2022-09-04T16.20.28.114,6.270,0.106,0.582,-0.315,0.742
1662322828124,2022-09-04T16.20.28.124,6.280,0.094,0.577,-0.320,0.745
1662322828134,2022-09-04T16.20.28.134,6.290,0.082,0.571,-0.328,0.748
1662322828144,2022-09-04T16.20.28.144,6.300,0.068,0.561,-0.338,0.753
1662322828154,2022-09-04T16.20.28.154,6.310,0.053,0.550,-0.352,0.756
1662322828164,2022-09-04T16.20.28.164,6.320,0.038,0.538,-0.369,0.757
1662322828174,2022-09-04T16.20.28.174,6.330,0.019,0.523,-0.390,0.757
1662322828184,2022-09-04T16.20.28.184,6.340,0.003,-0.506,0.417,-0.755
1662322828194,2022-09-04T16.20.28.194,6.350,0.023,-0.488,0.450,-0.748
1662322828204,2022-09-04T16.20.28.204,6.360,0.040,-0.472,0.484,-0.736
1662322828214,2022-09-04T16.20.28.214,6.370,0.051,-0.463,0.514,-0.720
1662322828224,2022-09-04T16.20.28.224,6.380,0.055,-0.459,0.539,-0.704
1662322828234,2022-09-04T16.20.28.234,6.390,0.054,-0.457,0.563,-0.687
1662322828244,2022-09-04T16.20.28.244,6.400,0.055,-0.457,0.583,-0.670
1662322828254,2022-09-04T16.20.28.254,6.410,0.065,-0.459,0.585,-0.666
1662322828264,2022-09-04T16.20.28.264,6.420,0.063,-0.459,0.560,-0.687
1662322828274,2022-09-04T16.20.28.274,6.430,0.064,-0.451,0.535,-0.712
1662322828284,2022-09-04T16.20.28.284,6.440,0.077,-0.441,0.514,-0.732
1662322828294,2022-09-04T16.20.28.294,6.450,0.087,-0.427,0.498,-0.750
1662322828304,2022-09-04T16.20.28.304,6.460,0.101,-0.410,0.491,-0.762
1662322828314,2022-09-04T16.20.28.314,6.470,0.118,-0.394,0.492,-0.767
1662322828324,2022-09-04T16.20.28.324,6.480,0.138,-0.375,0.498,-0.769
1662322828334,2022-09-04T16.20.28.334,6.490,0.159,-0.357,0.503,-0.771
1662322828344,2022-09-04T16.20.28.344,6.500,0.182,-0.342,0.507,-0.770
1662322828354,2022-09-04T16.20.28.354,6.510,0.203,-0.329,0.513,-0.767
1662322828364,2022-09-04T16.20.28.364,6.520,0.227,-0.314,0.520,-0.761
1662322828374,2022-09-04T16.20.28.374,6.530,0.255,-0.297,0.529,-0.753
1662322828384,2022-09-04T16.20.28.384,6.540,0.283,-0.280,0.536,-0.744
1662322828394,2022-09-04T16.20.28.394,6.550,0.309,-0.264,0.541,-0.736
1662322828404,2022-09-04T16.20.28.404,6.560,0.335,-0.249,0.543,-0.729
1662322828414,2022-09-04T16.20.28.414,6.570,0.360,-0.235,0.544,-0.720
1662322828424,2022-09-04T16.20.28.424,6.580,0.385,-0.219,0.547,-0.710
1662322828434,2022-09-04T16.20.28.434,6.590,0.410,-0.201,0.551,-0.699
1662322828444,2022-09-04T16.20.28.444,6.600,0.433,-0.182,0.556,-0.686
1662322828454,2022-09-04T16.20.28.454,6.610,0.455,-0.163,0.561,-0.672
1662322828464,2022-09-04T16.20.28.464,6.620,0.474,-0.142,0.568,-0.658
1662322828474,2022-09-04T16.20.28.474,6.630,0.490,-0.121,0.576,-0.643
1662322828484,2022-09-04T16.20.28.484,6.640,0.507,-0.096,0.586,-0.625
1662322828494,2022-09-04T16.20.28.494,6.650,0.523,-0.067,0.597,-0.605
1662322828504,2022-09-04T16.20.28.504,6.660,0.539,-0.038,0.608,-0.581
1662322828514,2022-09-04T16.20.28.514,6.670,0.558,-0.008,0.617,-0.555
1662322828524,2022-09-04T16.20.28.524,6.680,0.577,0.019,0.622,-0.530
1662322828534,2022-09-04T16.20.28.534,6.690,0.592,0.040,0.624,-0.508
1662322828544,2022-09-04T16.20.28.544,6.700,0.605,0.057,0.626,-0.489
1662322828554,2022-09-04T16.20.28.554,6.710,0.616,0.071,0.625,-0.474
1662322828564,2022-09-04T16.20.28.564,6.720,0.626,0.084,0.624,-0.460
1662322828574,2022-09-04T16.20.28.574,6.730,0.633,0.096,0.624,-0.448
1662322828584,2022-09-04T16.20.28.584,6.740,0.639,0.106,0.624,-0.437
1662322828594,2022-09-04T16.20.28.594,6.750,0.644,0.114,0.624,-0.428
1662322828604,2022-09-04T16.20.28.604,6.760,0.648,0.121,0.625,-0.419
1662322828614,2022-09-04T16.20.28.614,6.770,0.652,0.128,0.626,-0.409
1662322828624,2022-09-04T16.20.28.624,6.780,0.656,0.135,0.628,-0.397
1662322828634,2022-09-04T16.20.28.634,6.790,0.660,0.144,0.630,-0.382
1662322828644,2022-09-04T16.20.28.644,6.800,0.664,0.154,0.633,-0.367
1662322828654,2022-09-04T16.20.28.654,6.810,0.669,0.166,0.632,-0.354
1662322828664,2022-09-04T16.20.28.664,6.820,0.673,0.175,0.630,-0.346
1662322828674,2022-09-04T16.20.28.674,6.830,0.678,0.183,0.625,-0.340
1662322828684,2022-09-04T16.20.28.684,6.840,0.682,0.190,0.620,-0.337
1662322828694,2022-09-04T16.20.28.694,6.850,0.687,0.194,0.616,-0.335
1662322828704,2022-09-04T16.20.28.704,6.860,0.691,0.197,0.611,-0.334
1662322828714,2022-09-04T16.20.28.714,6.870,0.694,0.198,0.607,-0.333
1662322828724,2022-09-04T16.20.28.724,6.880,0.698,0.197,0.603,-0.332
1662322828734,2022-09-04T16.20.28.734,6.890,0.701,0.196,0.600,-0.332
1662322828744,2022-09-04T16.20.28.744,6.900,0.704,0.194,0.598,-0.331
1662322828754,2022-09-04T16.20.28.754,6.910,0.701,0.196,0.601,-0.330
1662322828764,2022-09-04T16.20.28.764,6.920,0.698,0.199,0.605,-0.328
1662322828774,2022-09-04T16.20.28.774,6.930,0.695,0.201,0.609,-0.326
1662322828784,2022-09-04T16.20.28.784,6.940,0.694,0.204,0.610,-0.323
1662322828794,2022-09-04T16.20.28.794,6.950,0.694,0.207,0.610,-0.321
1662322828804,2022-09-04T16.20.28.804,6.960,0.694,0.210,0.610,-0.319
1662322828814,2022-09-04T16.20.28.814,6.970,0.694,0.213,0.610,-0.317
1662322828824,2022-09-04T16.20.28.824,6.980,0.694,0.216,0.610,-0.315
1662322828834,2022-09-04T16.20.28.834,6.990,0.694,0.217,0.610,-0.314
1662322828844,2022-09-04T16.20.28.844,7.000,0.694,0.219,0.611,-0.312
1662322828854,2022-09-04T16.20.28.854,7.010,0.695,0.221,0.610,-0.310
1662322828864,2022-09-04T16.20.28.864,7.020,0.695,0.224,0.610,-0.306
1662322828874,2022-09-04T16.20.28.874,7.030,0.696,0.227,0.610,-0.303
1662322828884,2022-09-04T16.20.28.884,7.040,0.697,0.230,0.610,-0.299
1662322828894,2022-09-04T16.20.28.894,7.050,0.696,0.232,0.611,-0.297
1662322828904,2022-09-04T16.20.28.904,7.060,0.696,0.234,0.612,-0.294
1662322828914,2022-09-04T16.20.28.914,7.070,0.697,0.235,0.612,-0.292
1662322828924,2022-09-04T16.20.28.924,7.080,0.697,0.235,0.612,-0.289
1662322828934,2022-09-04T16.20.28.934,7.090,0.698,0.236,0.612,-0.287
1662322828944,2022-09-04T16.20.28.944,7.100,0.698,0.236,0.612,-0.285
1662322828954,2022-09-04T16.20.28.954,7.110,0.699,0.235,0.612,-0.284
1662322828964,2022-09-04T16.20.28.964,7.120,0.701,0.234,0.612,-0.283
1662322828974,2022-09-04T16.20.28.974,7.130,0.701,0.234,0.611,-0.282
1662322828984,2022-09-04T16.20.28.984,7.140,0.702,0.234,0.612,-0.280
1662322828994,2022-09-04T16.20.28.994,7.150,0.702,0.235,0.612,-0.278
1662322829004,2022-09-04T16.20.29.004,7.160,0.702,0.237,0.613,-0.276
1662322829014,2022-09-04T16.20.29.014,7.170,0.702,0.238,0.613,-0.274
1662322829024,2022-09-04T16.20.29.024,7.180,0.703,0.240,0.612,-0.271
1662322829034,2022-09-04T16.20.29.034,7.190,0.699,0.235,0.617,-0.274
1662322829044,2022-09-04T16.20.29.044,7.200,0.700,0.237,0.616,-0.272
1662322829054,2022-09-04T16.20.29.054,7.210,0.701,0.238,0.616,-0.270
1662322829064,2022-09-04T16.20.29.064,7.220,0.701,0.239,0.616,-0.267
1662322829074,2022-09-04T16.20.29.074,7.230,0.701,0.240,0.617,-0.265
1662322829084,2022-09-04T16.20.29.084,7.240,0.700,0.239,0.621,-0.259
1662322829094,2022-09-04T16.20.29.094,7.250,0.699,0.241,0.623,-0.255
1662322829104,2022-09-04T16.20.29.104,7.260,0.699,0.240,0.625,-0.253
1662322829114,2022-09-04T16.20.29.114,7.270,0.698,0.241,0.627,-0.249
1662322829124,2022-09-04T16.20.29.124,7.280,0.696,0.243,0.630,-0.244
1662322829134,2022-09-04T16.20.29.134,7.290,0.695,0.245,0.633,-0.239
1662322829144,2022-09-04T16.20.29.144,7.300,0.693,0.247,0.635,-0.234
1662322829154,2022-09-04T16.20.29.154,7.310,0.692,0.249,0.637,-0.231
1662322829164,2022-09-04T16.20.29.164,7.320,0.691,0.250,0.638,-0.229
1662322829174,2022-09-04T16.20.29.174,7.330,0.691,0.250,0.639,-0.227
1662322829184,2022-09-04T16.20.29.184,7.340,0.691,0.250,0.639,-0.227
1662322829194,2022-09-04T16.20.29.194,7.350,0.691,0.250,0.639,-0.228
1662322829204,2022-09-04T16.20.29.204,7.360,0.691,0.250,0.638,-0.228
1662322829214,2022-09-04T16.20.29.214,7.370,0.692,0.249,0.638,-0.229
1662322829224,2022-09-04T16.20.29.224,7.380,0.692,0.249,0.637,-0.229
1662322829234,2022-09-04T16.20.29.234,7.390,0.692,0.249,0.638,-0.229
1662322829244,2022-09-04T16.20.29.244,7.400,0.691,0.249,0.639,-0.230
1662322829254,2022-09-04T16.20.29.254,7.410,0.690,0.249,0.639,-0.230
1662322829264,2022-09-04T16.20.29.264,7.420,0.689,0.249,0.640,-0.231
1662322829274,2022-09-04T16.20.29.274,7.430,0.688,0.249,0.641,-0.232
1662322829284,2022-09-04T16.20.29.284,7.440,0.687,0.249,0.642,-0.232
1662322829294,2022-09-04T16.20.29.294,7.450,0.686,0.249,0.643,-0.233
1662322829304,2022-09-04T16.20.29.304,7.460,0.685,0.249,0.643,-0.234
1662322829314,2022-09-04T16.20.29.314,7.470,0.684,0.250,0.644,-0.235
1662322829324,2022-09-04T16.20.29.324,7.480,0.683,0.250,0.645,-0.235
1662322829334,2022-09-04T16.20.29.334,7.490,0.683,0.251,0.645,-0.235
1662322829344,2022-09-04T16.20.29.344,7.500,0.682,0.251,0.645,-0.235
1662322829354,2022-09-04T16.20.29.354,7.510,0.681,0.251,0.646,-0.236
1662322829364,2022-09-04T16.20.29.364,7.520,0.680,0.251,0.646,-0.238
1662322829374,2022-09-04T16.20.29.374,7.530,0.679,0.251,0.647,-0.238
1662322829384,2022-09-04T16.20.29.384,7.540,0.678,0.251,0.648,-0.239
1662322829394,2022-09-04T16.20.29.394,7.550,0.677,0.251,0.649,-0.240
1662322829404,2022-09-04T16.20.29.404,7.560,0.676,0.251,0.650,-0.240
1662322829414,2022-09-04T16.20.29.414,7.570,0.675,0.251,0.651,-0.241
1662322829424,2022-09-04T16.20.29.424,7.580,0.674,0.251,0.651,-0.242
1662322829434,2022-09-04T16.20.29.434,7.590,0.674,0.250,0.652,-0.243
1662322829444,2022-09-04T16.20.29.444,7.600,0.673,0.250,0.652,-0.243
1662322829454,2022-09-04T16.20.29.454,7.610,0.673,0.250,0.652,-0.244
1662322829464,2022-09-04T16.20.29.464,7.620,0.673,0.249,0.652,-0.244
1662322829474,2022-09-04T16.20.29.474,7.630,0.673,0.249,0.652,-0.245
1662322829484,2022-09-04T16.20.29.484,7.640,0.673,0.248,0.652,-0.245
1662322829494,2022-09-04T16.20.29.494,7.650,0.673,0.248,0.651,-0.246
1662322829504,2022-09-04T16.20.29.504,7.660,0.674,0.248,0.651,-0.246
1662322829514,2022-09-04T16.20.29.514,7.670,0.674,0.248,0.651,-0.246
1662322829524,2022-09-04T16.20.29.524,7.680,0.674,0.248,0.651,-0.247
1662322829534,2022-09-04T16.20.29.534,7.690,0.674,0.248,0.651,-0.247
1662322829544,2022-09-04T16.20.29.544,7.700,0.674,0.248,0.650,-0.247
1662322829554,2022-09-04T16.20.29.554,7.710,0.674,0.248,0.650,-0.247
1662322829564,2022-09-04T16.20.29.564,7.720,0.674,0.248,0.650,-0.247
1662322829574,2022-09-04T16.20.29.574,7.730,0.674,0.248,0.651,-0.247
1662322829584,2022-09-04T16.20.29.584,7.740,0.674,0.248,0.651,-0.248
1662322829594,2022-09-04T16.20.29.594,7.750,0.674,0.248,0.650,-0.248
1662322829604,2022-09-04T16.20.29.604,7.760,0.674,0.247,0.650,-0.248
1662322829614,2022-09-04T16.20.29.614,7.770,0.674,0.247,0.650,-0.249
1662322829624,2022-09-04T16.20.29.624,7.780,0.674,0.247,0.650,-0.249
1662322829634,2022-09-04T16.20.29.634,7.790,0.674,0.246,0.650,-0.249
1662322829644,2022-09-04T16.20.29.644,7.800,0.674,0.246,0.650,-0.250
1662322829654,2022-09-04T16.20.29.654,7.810,0.675,0.242,0.652,-0.246
1662322829664,2022-09-04T16.20.29.664,7.820,0.675,0.241,0.653,-0.246
1662322829674,2022-09-04T16.20.29.674,7.830,0.674,0.241,0.653,-0.246
1662322829684,2022-09-04T16.20.29.684,7.840,0.674,0.241,0.653,-0.246
1662322829694,2022-09-04T16.20.29.694,7.850,0.675,0.237,0.655,-0.242
1662322829704,2022-09-04T16.20.29.704,7.860,0.676,0.237,0.655,-0.242
1662322829714,2022-09-04T16.20.29.714,7.870,0.676,0.237,0.654,-0.242
1662322829724,2022-09-04T16.20.29.724,7.880,0.676,0.237,0.654,-0.243
1662322829734,2022-09-04T16.20.29.734,7.890,0.677,0.235,0.655,-0.240
1662322829744,2022-09-04T16.20.29.744,7.900,0.677,0.235,0.655,-0.240
1662322829754,2022-09-04T16.20.29.754,7.910,0.677,0.235,0.655,-0.240
1662322829764,2022-09-04T16.20.29.764,7.920,0.677,0.235,0.655,-0.240
1662322829774,2022-09-04T16.20.29.774,7.930,0.678,0.233,0.656,-0.238
1662322829784,2022-09-04T16.20.29.784,7.940,0.678,0.233,0.656,-0.238
1662322829794,2022-09-04T16.20.29.794,7.950,0.678,0.233,0.656,-0.238
1662322829804,2022-09-04T16.20.29.804,7.960,0.678,0.233,0.656,-0.238
1662322829814,2022-09-04T16.20.29.814,7.970,0.678,0.231,0.656,-0.237
1662322829824,2022-09-04T16.20.29.824,7.980,0.678,0.231,0.656,-0.237
1662322829834,2022-09-04T16.20.29.834,7.990,0.679,0.231,0.656,-0.237
1662322829844,2022-09-04T16.20.29.844,8.000,0.679,0.231,0.656,-0.237